&,INFO,REG_ID,RICE,! Assigned by econ modeling teams,,
&,INFO,STRATUM,1,! Assigned by econ modeling teams,,
&,INFO,RAP_ID,,! Blank for baseline simulation,,
&,INFO,MAN_ID,,! Management ID,,
&,INFO,RAP_VER,,! Blank or zero for baseline simulation. Used for changes to RAP from a previous set of simulations.,,
&,INFO,DESCRIPTION,SOIL1,! FIELD=field overlay for filling in regional assumptions,,
&,FILL,ICH2O,PCTAWC(),100,,
&,FILL,ICN_TOT,ICN_DIST(),10.0,,
&,FILL,ICPCR,RIC,,,
&,FILL,ICRAG,250,,,
&,FILL,SLRGF,ROOT_DIST(),1,20,60
&,FILL,SLSC,STABLEC(),0.75,20,60
&,FILL,SLIC,MULTIPLY(),$SLSC,0.9,
&,FILL,SLPF,1,,,
