&,INFO,REG_ID,RICE,! Assigned by econ modeling teams,,,,,,,,,,,,,
&,INFO,STRATUM,1,! Assigned by econ modeling teams,,,,,,,,,,,,,
&,INFO,RAP_ID,,! Blank for baseline simulation,,,,,,,,,,,,,
&,INFO,MAN_ID,,! Management ID,,,,,,,,,,,,,
&,INFO,RAP_VER,,! Blank or zero for baseline simulation. Used for changes to RAP from a previous set of simulations.,,,,,,,,,,,,,
&,INFO,DESCRIPTION,all,! FIELD=field overlay for filling in regional assumptions,,,,,,,,,,,,,
&,REPLACE,TAV,TAVAMP(),! Calculates TAV and TAMP based on daily weather records,,,,,,,,,,,,,
&,REPLACE_FIELD_ONLY,CO2Y,,"! For survey simulations, do not use static mid-period CO2Y from the weather data.",,,,,,,,,,,,,
&,FILL,CUL_NAME,CORH2,,,,,,,,,,,,,,
&,FILL,dssat_cul_id,990002,! IB0303 = TNAU calibrated cultivar,,,,,,,,,,,,,
&,FILL,apsim_cul_id,rice,,,,,,,,,,,,,,
&,FILL,PAGE,21,,,,,,,,,,,,,,
&,FILL,PLENV,25,,,,,,,,,,,,,,
&,FILL,plpop,50,,,,,,,,,,,,,,
&,FILL,plma,T,,,,,,,,,,,,,,
&,FILL,PLPH,3,,,,,,,,,,,,,,
&,FILL,pldp,25,,,,,,,,,,,,,,
&,FILL,plrs,20,,,,,,,,,,,,,,
&,FILL,IROP,IR006,! Default irrigation operation: Flood irrig,,,,,,,,,,,,,
&,FILL,IRVAL,50,! Default irrigation amount (mm),,,,,,,,,,,,,
&,FILL,FEDATE,FERT_DIST(),4,FE005,AP002,3,1,25,25,25,35,25,65,25,,!25% OF n IN ONE SPLIT
&,FILL,OMDAT,OM_DIST(),-7,RE005,30,15,100,2.5,,,,,,,,
&,FILL,SDAT,OFFSET_DATE(),$PDATE,-10,,,,,,,,,,,,
&,FILL,ICDAT,$SDAT,,,,,,,,,,,,,,
&,FILL,ENDAT,OFFSET_DATE(),$PDATE,120,,,,,,,,,,,,
